-0.0208975, 0.062452, 0.00280112, -1.84261, 0.0162366, 1.78648, 0.775212
-0.020902, 0.0624545, 0.00280582, -1.84262, 0.0162376, 1.78648, 0.775217
-0.0209014, 0.0624556, 0.00280155, -1.84262, 0.0162366, 1.78649, 0.775215
-0.0209021, 0.0624581, 0.00280634, -1.84262, 0.0162358, 1.78649, 0.775209
-0.0209048, 0.0624572, 0.00280367, -1.84262, 0.016236, 1.78648, 0.775215
-0.0209024, 0.0624685, 0.00281076, -1.84262, 0.0162353, 1.78648, 0.775218
-0.0209024, 0.0624748, 0.00281145, -1.84262, 0.0162352, 1.78649, 0.775209
-0.0209049, 0.0624736, 0.00280917, -1.84262, 0.0162339, 1.78649, 0.775196
-0.0209045, 0.0624846, 0.00280963, -1.84261, 0.0162317, 1.78649, 0.775197
-0.0209003, 0.0624872, 0.00280644, -1.84261, 0.0162309, 1.7865, 0.775195
-0.0209026, 0.0624848, 0.00280871, -1.84262, 0.0162328, 1.7865, 0.77519
-0.0209025, 0.0624848, 0.00281077, -1.84261, 0.0162299, 1.7865, 0.77519
-0.0208968, 0.0624869, 0.00280895, -1.84261, 0.0162292, 1.7865, 0.775189
-0.0209017, 0.0624855, 0.00281446, -1.84261, 0.016231, 1.7865, 0.775183
-0.0209077, 0.0624797, 0.00281454, -1.84262, 0.0162285, 1.7865, 0.775184
-0.0209033, 0.0624849, 0.00281707, -1.84261, 0.0162301, 1.7865, 0.775188
-0.0208968, 0.0624848, 0.00281708, -1.84262, 0.016229, 1.7865, 0.775177
-0.0209025, 0.0624795, 0.00281179, -1.84262, 0.0162282, 1.78649, 0.775176
-0.0208999, 0.062482, 0.00281708, -1.84262, 0.0162303, 1.78649, 0.775174
-0.0208975, 0.0624788, 0.00281458, -1.84261, 0.0162296, 1.78649, 0.77517
-0.0208975, 0.0624774, 0.00281179, -1.84262, 0.0162289, 1.78649, 0.775164
-0.0208979, 0.0624871, 0.00281179, -1.84262, 0.0162268, 1.78649, 0.775162
-0.0208972, 0.062493, 0.00281179, -1.84262, 0.0162275, 1.7865, 0.775159
-0.0208991, 0.0624925, 0.00280929, -1.84262, 0.0162268, 1.7865, 0.775148
-0.0208944, 0.0624961, 0.00281458, -1.84262, 0.0162243, 1.7865, 0.775146
-0.0208999, 0.0624935, 0.00281458, -1.84262, 0.0162253, 1.7865, 0.775139
-0.0208947, 0.0624985, 0.00281179, -1.84262, 0.016225, 1.7865, 0.775128
-0.0209028, 0.0624965, 0.00281179, -1.84262, 0.0162234, 1.7865, 0.775121
-0.0208954, 0.0624964, 0.00281671, -1.84262, 0.0162234, 1.7865, 0.775118
-0.0208993, 0.0624944, 0.00281742, -1.84262, 0.0162255, 1.7865, 0.77511
-0.0209026, 0.0624974, 0.00281274, -1.84262, 0.0162241, 1.7865, 0.775106
-0.0209027, 0.0624975, 0.00281703, -1.84262, 0.0162241, 1.7865, 0.775098
-0.0209028, 0.0624997, 0.00281539, -1.84261, 0.0162261, 1.7865, 0.775087
-0.0208975, 0.0624983, 0.00281485, -1.84262, 0.0162229, 1.7865, 0.775079
-0.0209056, 0.0625024, 0.00281467, -1.84262, 0.0162212, 1.7865, 0.775073
-0.0208975, 0.0625058, 0.00281461, -1.84261, 0.0162209, 1.7865, 0.77506
-0.0209, 0.062506, 0.0028118, -1.84261, 0.01622, 1.7865, 0.775059
-0.0209056, 0.0625054, 0.0028118, -1.84261, 0.01622, 1.7865, 0.775051
-0.0208996, 0.062511, 0.0028118, -1.84261, 0.01622, 1.7865, 0.77504
-0.0209007, 0.0625092, 0.00281458, -1.84262, 0.0162207, 1.7865, 0.775027
-0.0209002, 0.0625123, 0.00280929, -1.84261, 0.0162207, 1.7865, 0.775027
-0.0209029, 0.062517, 0.00281458, -1.84261, 0.01622, 1.7865, 0.775013
-0.0209, 0.0625153, 0.00281179, -1.84261, 0.01622, 1.7865, 0.775007
-0.0209028, 0.0625124, 0.00280929, -1.84261, 0.0162213, 1.7865, 0.775004
-0.0209049, 0.0625157, 0.00281179, -1.84261, 0.0162193, 1.7865, 0.775001
-0.0209063, 0.0625233, 0.00281708, -1.84261, 0.01622, 1.7865, 0.774994
-0.0209058, 0.0625241, 0.00280929, -1.84261, 0.0162207, 1.7865, 0.774991
-0.0209057, 0.062524, 0.00280929, -1.84261, 0.0162207, 1.7865, 0.774992
-0.0209077, 0.0625248, 0.00280929, -1.84261, 0.01622, 1.7865, 0.77499
-0.0209084, 0.0625276, 0.00280929, -1.84261, 0.01622, 1.7865, 0.774989
-0.0209112, 0.0625298, 0.00281179, -1.84261, 0.01622, 1.7865, 0.774991
-0.0209087, 0.0625352, 0.00280929, -1.84262, 0.0162193, 1.7865, 0.774986
-0.020906, 0.0625361, 0.00280929, -1.84261, 0.01622, 1.7865, 0.774986
-0.0209091, 0.0625283, 0.00280891, -1.84262, 0.0162193, 1.7865, 0.774988
-0.0209053, 0.0625316, 0.00281, -1.84261, 0.0162193, 1.7865, 0.774982
-0.0209085, 0.0625393, 0.00280953, -1.84262, 0.0162193, 1.7865, 0.774981
-0.0209087, 0.0625397, 0.00280937, -1.84262, 0.0162207, 1.7865, 0.774989
-0.0209113, 0.0625432, 0.00280681, -1.84262, 0.0162161, 1.7865, 0.774985
-0.0209113, 0.0625482, 0.0028093, -1.84261, 0.0162143, 1.78649, 0.774982
-0.0209081, 0.062549, 0.0028118, -1.84262, 0.0162186, 1.78649, 0.774982
-0.0209095, 0.0625489, 0.002804, -1.84261, 0.0162156, 1.7865, 0.774982
-0.0209111, 0.0625497, 0.00280929, -1.84262, 0.0162181, 1.78649, 0.77498
-0.0209142, 0.0625525, 0.00281179, -1.84262, 0.0162164, 1.7865, 0.774984
-0.0209144, 0.0625522, 0.00280929, -1.84262, 0.0162156, 1.7865, 0.774983
-0.0209144, 0.0625576, 0.00280929, -1.84263, 0.0162146, 1.7865, 0.774977
-0.0209173, 0.062556, 0.00280465, -1.84262, 0.0162145, 1.78649, 0.774976
-0.0209166, 0.0625538, 0.00280858, -1.84262, 0.0162145, 1.78649, 0.774982
-0.0209173, 0.0625611, 0.00280655, -1.84262, 0.0162145, 1.7865, 0.77498
-0.0209203, 0.0625618, 0.00280921, -1.84263, 0.0162152, 1.7865, 0.774978
-0.0209176, 0.0625621, 0.00280926, -1.84262, 0.0162152, 1.7865, 0.774982
-0.0209177, 0.0625625, 0.00280371, -1.84262, 0.0162138, 1.7865, 0.774982
-0.0209226, 0.0625628, 0.00280047, -1.84262, 0.0162152, 1.7865, 0.774982
-0.0209258, 0.0625703, 0.00279902, -1.84262, 0.0162145, 1.78649, 0.774978
-0.020926, 0.0625657, 0.00279854, -1.84262, 0.0162159, 1.78649, 0.774977
-0.0209208, 0.0625681, 0.00279838, -1.84262, 0.0162138, 1.7865, 0.774981
-0.0209261, 0.0625714, 0.00280083, -1.84262, 0.0162138, 1.78649, 0.774981
-0.0209311, 0.0625716, 0.00279831, -1.84262, 0.0162145, 1.7865, 0.774979
-0.0209311, 0.0625692, 0.0027983, -1.84262, 0.0162138, 1.78649, 0.774977
-0.0209352, 0.0625739, 0.0027983, -1.84262, 0.0162138, 1.78649, 0.774981
-0.0209296, 0.0625774, 0.00280609, -1.84262, 0.0162145, 1.78649, 0.774979
-0.0209343, 0.062572, 0.00279617, -1.84262, 0.016212, 1.78649, 0.774977
-0.0209322, 0.0625778, 0.0027923, -1.84262, 0.0162102, 1.7865, 0.774983
-0.0209324, 0.062578, 0.00279593, -1.84262, 0.0162138, 1.78649, 0.774976
-0.0209399, 0.0625756, 0.00279538, -1.84262, 0.0162133, 1.7865, 0.774981
-0.0209382, 0.0625809, 0.00279241, -1.84262, 0.0162118, 1.7865, 0.774983
-0.0209384, 0.0625831, 0.00278706, -1.84262, 0.0162127, 1.7865, 0.77498
-0.0209406, 0.0625785, 0.00278982, -1.84262, 0.0162116, 1.7865, 0.774979
-0.020946, 0.062584, 0.00279232, -1.84263, 0.0162126, 1.7865, 0.774981
-0.0209444, 0.062581, 0.00279761, -1.84262, 0.0162148, 1.78649, 0.774984
-0.0209469, 0.0625817, 0.00279232, -1.84263, 0.0162136, 1.78649, 0.774979
-0.0209477, 0.0625798, 0.0027951, -1.84263, 0.0162144, 1.78649, 0.774984
-0.0209505, 0.0625838, 0.00279232, -1.84263, 0.0162145, 1.7865, 0.774981
-0.0209502, 0.0625843, 0.00279019, -1.84263, 0.0162152, 1.7865, 0.774978
-0.0209535, 0.062582, 0.00279161, -1.84263, 0.0162145, 1.7865, 0.77498
-0.0209512, 0.0625842, 0.00279208, -1.84263, 0.0162145, 1.78649, 0.774979
-0.0209587, 0.0625874, 0.00279289, -1.84262, 0.0162106, 1.78649, 0.774979
-0.0209541, 0.0625848, 0.00278695, -1.84263, 0.0162141, 1.78649, 0.774979
-0.0209569, 0.0625881, 0.00278394, -1.84262, 0.0162116, 1.78649, 0.774983
-0.020957, 0.0625936, 0.00278916, -1.84262, 0.0162129, 1.7865, 0.774976
-0.0209566, 0.0625909, 0.00279192, -1.84263, 0.0162137, 1.78649, 0.774979
-0.0209626, 0.0625884, 0.00278913, -1.84263, 0.0162147, 1.78649, 0.774984
-0.0209576, 0.0625906, 0.00278912, -1.84263, 0.0162118, 1.78649, 0.77498
-0.0209598, 0.0625938, 0.00278912, -1.84263, 0.0162148, 1.7865, 0.774979
-0.020963, 0.0625915, 0.00279191, -1.84263, 0.0162148, 1.7865, 0.77498
-0.0209633, 0.062599, 0.00279191, -1.84263, 0.0162158, 1.7865, 0.774979
-0.0209609, 0.0625976, 0.00278912, -1.84263, 0.0162144, 1.78649, 0.774976
-0.0209609, 0.0625965, 0.00278912, -1.84263, 0.0162133, 1.7865, 0.774982
-0.0209609, 0.0625971, 0.00279191, -1.84262, 0.0162123, 1.7865, 0.774982
-0.0209609, 0.0626, 0.00279191, -1.84263, 0.0162113, 1.78649, 0.774979
-0.0209609, 0.0625994, 0.00279441, -1.84263, 0.0162157, 1.7865, 0.774982
-0.0209581, 0.0626002, 0.00278912, -1.84263, 0.0162147, 1.78649, 0.774977
-0.0209609, 0.0625954, 0.00278912, -1.84262, 0.0162125, 1.7865, 0.774977
-0.0209609, 0.0626033, 0.00278912, -1.84263, 0.0162122, 1.78649, 0.77498
-0.0209609, 0.0626005, 0.00279441, -1.84263, 0.0162145, 1.7865, 0.774982
-0.0209581, 0.0626002, 0.00278912, -1.84263, 0.016216, 1.78649, 0.774976
-0.0209609, 0.0626034, 0.0027972, -1.84263, 0.0162157, 1.78649, 0.774978
-0.0209556, 0.0626036, 0.00279191, -1.84263, 0.0162151, 1.7865, 0.77498
-0.0209581, 0.0626037, 0.00279191, -1.84263, 0.0162159, 1.78649, 0.774974
-0.0209581, 0.0626037, 0.00279191, -1.84263, 0.0162165, 1.78649, 0.77498
-0.0209581, 0.0626086, 0.00279191, -1.84263, 0.0162133, 1.7865, 0.774981
-0.020963, 0.0626094, 0.00279191, -1.84263, 0.0162148, 1.78649, 0.77498
-0.0209563, 0.0626068, 0.00279191, -1.84263, 0.0162156, 1.7865, 0.774978
-0.0209558, 0.0626044, 0.00279228, -1.84263, 0.0162126, 1.78649, 0.774984
-0.0209557, 0.0626097, 0.00278841, -1.84262, 0.0162134, 1.78649, 0.77498
-0.0209603, 0.0626122, 0.00278889, -1.84263, 0.016213, 1.7865, 0.774976
-0.020961, 0.0626118, 0.00278691, -1.84263, 0.0162115, 1.7865, 0.774981
-0.0209612, 0.0626076, 0.00278839, -1.84262, 0.0162144, 1.7865, 0.774978
-0.0209591, 0.0626146, 0.00279417, -1.84263, 0.0162147, 1.78649, 0.774977
-0.0209581, 0.0626126, 0.00278904, -1.84263, 0.0162118, 1.7865, 0.774978
-0.0209589, 0.0626128, 0.00279438, -1.84263, 0.0162154, 1.7865, 0.774975
-0.0209584, 0.0626129, 0.0027944, -1.84263, 0.0162161, 1.78649, 0.774974
-0.0209557, 0.0626101, 0.0027919, -1.84263, 0.0162132, 1.78649, 0.774976
-0.0209578, 0.062615, 0.00279191, -1.84263, 0.0162116, 1.78649, 0.774979
-0.0209563, 0.062613, 0.00279191, -1.84263, 0.0162151, 1.78649, 0.774978
-0.0209605, 0.0626132, 0.00279441, -1.84263, 0.0162122, 1.78649, 0.774973
-0.0209585, 0.0626161, 0.00279441, -1.84263, 0.0162153, 1.78649, 0.774978
-0.0209566, 0.0626182, 0.0027972, -1.84263, 0.0162116, 1.7865, 0.774976
-0.0209581, 0.0626162, 0.00279441, -1.84263, 0.016214, 1.78649, 0.774977
-0.0209564, 0.0626192, 0.00278912, -1.84264, 0.0162155, 1.78649, 0.77498
-0.0209559, 0.0626218, 0.00279191, -1.84264, 0.0162164, 1.78649, 0.774978
-0.0209529, 0.0626267, 0.0027972, -1.84263, 0.0162159, 1.78649, 0.774976
-0.0209529, 0.0626246, 0.0027972, -1.84264, 0.0162159, 1.78649, 0.774982
-0.0209528, 0.0626171, 0.0027972, -1.84264, 0.0162159, 1.78649, 0.774978
-0.0209528, 0.0626271, 0.0027972, -1.84264, 0.0162165, 1.78649, 0.774978
-0.0209556, 0.0626278, 0.00279191, -1.84264, 0.0162127, 1.78649, 0.774979
-0.0209528, 0.0626387, 0.0027952, -1.84265, 0.0162153, 1.78648, 0.774974
-0.0209528, 0.0626395, 0.00279468, -1.84266, 0.0162155, 1.78649, 0.774976
-0.0209503, 0.0626372, 0.00279663, -1.84266, 0.0162158, 1.78649, 0.77498
-0.0209528, 0.062642, 0.00280044, -1.84265, 0.0162165, 1.78648, 0.774982
-0.0209581, 0.0626427, 0.00279744, -1.84265, 0.0162133, 1.78648, 0.774982
-0.0209528, 0.0626426, 0.00279199, -1.84266, 0.0162123, 1.78648, 0.77498
-0.0209528, 0.0626487, 0.00279193, -1.84266, 0.0162151, 1.78648, 0.774979
-0.0209528, 0.0626458, 0.00279721, -1.84266, 0.016216, 1.78648, 0.774979
-0.0209528, 0.0626487, 0.00279442, -1.84266, 0.0162164, 1.78648, 0.774981
-0.0209528, 0.0626522, 0.00279441, -1.84266, 0.0162165, 1.78647, 0.774977
-0.0209556, 0.0626599, 0.00279441, -1.84267, 0.0162127, 1.78648, 0.774978
-0.0209556, 0.0626576, 0.0027972, -1.84266, 0.0162162, 1.78648, 0.774981
-0.0209528, 0.0626614, 0.00279191, -1.84267, 0.0162176, 1.78647, 0.774974
-0.0209581, 0.0626638, 0.00279191, -1.84267, 0.0162171, 1.78647, 0.774977
-0.0209556, 0.0626668, 0.00279191, -1.84267, 0.0162179, 1.78647, 0.774979
-0.0209528, 0.0626699, 0.00278912, -1.84268, 0.0162179, 1.78647, 0.774982
-0.0209609, 0.0626755, 0.00279441, -1.84267, 0.0162179, 1.78647, 0.774978
-0.0209556, 0.0626787, 0.00278978, -1.84267, 0.0162147, 1.78646, 0.774981
-0.0209683, 0.0626788, 0.0027912, -1.84268, 0.0162176, 1.78646, 0.774986
-0.0209641, 0.0626848, 0.00278889, -1.84268, 0.0162176, 1.78646, 0.774976
-0.0209611, 0.0626917, 0.00279433, -1.84268, 0.0162171, 1.78646, 0.774978
-0.0209684, 0.0626967, 0.00278659, -1.84268, 0.0162172, 1.78646, 0.774981
-0.0209638, 0.0627011, 0.00278661, -1.84269, 0.0162193, 1.78646, 0.774982
-0.0209619, 0.0627048, 0.00278383, -1.84268, 0.01622, 1.78646, 0.774975
-0.0209637, 0.0627134, 0.00278383, -1.84269, 0.0162179, 1.78646, 0.774978
-0.0209631, 0.0627201, 0.00278449, -1.84269, 0.0162193, 1.78646, 0.774976
-0.0209691, 0.0627268, 0.00278591, -1.84269, 0.0162193, 1.78645, 0.774977
-0.0209693, 0.0627385, 0.00278147, -1.84269, 0.0162193, 1.78645, 0.774983
-0.0209687, 0.0627438, 0.0027837, -1.84269, 0.01622, 1.78645, 0.77498
-0.0209722, 0.0627561, 0.00278073, -1.84269, 0.01622, 1.78645, 0.774976
-0.0209799, 0.0627658, 0.00278345, -1.84269, 0.0162193, 1.78645, 0.774983
-0.0209779, 0.0627701, 0.00278343, -1.84269, 0.0162187, 1.78645, 0.774978
-0.0209778, 0.0627772, 0.00278342, -1.8427, 0.01622, 1.78645, 0.77498
-0.0209807, 0.0627946, 0.00278342, -1.8427, 0.0162214, 1.78644, 0.774985
-0.0209842, 0.0627967, 0.00278342, -1.8427, 0.01622, 1.78644, 0.774982
-0.0209814, 0.0628056, 0.00277851, -1.8427, 0.0162214, 1.78644, 0.77498
-0.0209822, 0.0628156, 0.0027778, -1.84271, 0.0162207, 1.78644, 0.774981
-0.0209824, 0.0628195, 0.00277718, -1.84271, 0.0162214, 1.78644, 0.774978
-0.02099, 0.0628338, 0.00278097, -1.84272, 0.0162207, 1.78644, 0.774976
-0.0209907, 0.0628409, 0.00277732, -1.84273, 0.0162214, 1.78643, 0.77498
-0.0209906, 0.0628413, 0.00277823, -1.84273, 0.016222, 1.78643, 0.774981
-0.0209914, 0.0628474, 0.00277984, -1.84273, 0.0162227, 1.78643, 0.774981
-0.0209885, 0.0628569, 0.00278102, -1.84274, 0.0162227, 1.78642, 0.774981
-0.0209946, 0.0628651, 0.002783, -1.84274, 0.016222, 1.78642, 0.774978
-0.0209867, 0.0628638, 0.00277753, -1.84275, 0.016222, 1.78642, 0.774978
-0.0209921, 0.0628806, 0.00277747, -1.84275, 0.0162207, 1.78642, 0.774977
-0.0209922, 0.0628832, 0.00278487, -1.84275, 0.0162234, 1.78641, 0.77498
-0.0209971, 0.0628847, 0.00278344, -1.84277, 0.0162259, 1.78641, 0.774974
-0.0209897, 0.0628903, 0.00278046, -1.84277, 0.0162258, 1.78641, 0.774979
-0.0209974, 0.0628989, 0.00278281, -1.84278, 0.016227, 1.7864, 0.774978
-0.0209907, 0.0629052, 0.00278025, -1.84279, 0.0162246, 1.7864, 0.774981
-0.0209956, 0.0629137, 0.00278023, -1.8428, 0.0162252, 1.78639, 0.774977
-0.0209902, 0.0629204, 0.00277744, -1.8428, 0.0162229, 1.78639, 0.774981
-0.0209929, 0.0629277, 0.00278273, -1.84281, 0.0162228, 1.78638, 0.774982
-0.0209929, 0.0629366, 0.00278023, -1.84282, 0.0162252, 1.78638, 0.774981
-0.0209975, 0.0629452, 0.00278023, -1.84283, 0.0162277, 1.78637, 0.774981
-0.0209957, 0.062953, 0.00278802, -1.84283, 0.0162249, 1.78636, 0.774977
-0.0209938, 0.0629733, 0.00278273, -1.84284, 0.0162271, 1.78636, 0.774974
-0.0209953, 0.0629798, 0.00279015, -1.84285, 0.0162239, 1.78635, 0.774979
-0.0209962, 0.0629927, 0.00278344, -1.84286, 0.0162256, 1.78634, 0.774984
-0.0209931, 0.0630025, 0.00278259, -1.84286, 0.0162253, 1.78634, 0.77498
-0.0209849, 0.0630174, 0.0027863, -1.84287, 0.0162263, 1.78633, 0.774983
-0.0209876, 0.0630267, 0.00278828, -1.84289, 0.0162271, 1.78632, 0.774982
-0.0209876, 0.0630401, 0.00278773, -1.84289, 0.0162249, 1.78631, 0.774977
-0.0209901, 0.0630486, 0.00278838, -1.8429, 0.0162271, 1.78631, 0.774979
-0.0209848, 0.0630562, 0.00278647, -1.84291, 0.0162264, 1.7863, 0.774981
-0.0209823, 0.0630707, 0.00279325, -1.84292, 0.0162274, 1.78629, 0.77498
-0.0209901, 0.0630785, 0.00279097, -1.84293, 0.0162275, 1.78628, 0.774973
-0.0209876, 0.0630909, 0.00279392, -1.84294, 0.0162243, 1.78627, 0.774978
-0.0209848, 0.0631002, 0.00279119, -1.84295, 0.016224, 1.78626, 0.774979
-0.0209795, 0.0631098, 0.00279399, -1.84296, 0.0162222, 1.78625, 0.774977
-0.0209801, 0.0631225, 0.00279901, -1.84296, 0.0162228, 1.78624, 0.774979
-0.0209794, 0.0631327, 0.002794, -1.84298, 0.0162235, 1.78623, 0.774977
-0.0209792, 0.0631427, 0.00279122, -1.84299, 0.0162214, 1.78623, 0.774975
-0.0209736, 0.0631583, 0.00279651, -1.843, 0.0162214, 1.78622, 0.774978
-0.0209837, 0.0631683, 0.00279901, -1.84301, 0.016222, 1.78621, 0.774975
-0.020977, 0.0631839, 0.00279651, -1.84302, 0.0162252, 1.7862, 0.774978
-0.0209765, 0.0631991, 0.00279651, -1.84303, 0.0162231, 1.7862, 0.774982
-0.0209736, 0.0632094, 0.00280114, -1.84304, 0.0162263, 1.78619, 0.77498
-0.020971, 0.0632194, 0.00280185, -1.84305, 0.0162264, 1.78618, 0.774975
-0.0209742, 0.063235, 0.00280209, -1.84306, 0.0162235, 1.78618, 0.774977
-0.0209735, 0.0632404, 0.00280708, -1.84307, 0.0162257, 1.78617, 0.774978
-0.0209679, 0.0632549, 0.00280569, -1.84307, 0.0162258, 1.78617, 0.774972
-0.020971, 0.0632681, 0.00280522, -1.84308, 0.0162229, 1.78616, 0.774981
-0.0209675, 0.0632833, 0.00280971, -1.84309, 0.0162225, 1.78616, 0.77498
-0.02097, 0.0632881, 0.00280786, -1.8431, 0.0162222, 1.78615, 0.774977
-0.0209597, 0.0632997, 0.00280808, -1.84311, 0.016226, 1.78614, 0.774975
-0.0209643, 0.0633144, 0.00280815, -1.84312, 0.0162225, 1.78614, 0.774977
-0.0209615, 0.0633211, 0.00280818, -1.84313, 0.0162224, 1.78614, 0.774973
-0.0209615, 0.0633338, 0.00280818, -1.84315, 0.0162215, 1.78614, 0.774974
-0.0209614, 0.0633374, 0.00281032, -1.84316, 0.0162214, 1.78614, 0.774978
-0.0209512, 0.0633665, 0.00281655, -1.84318, 0.0162257, 1.78613, 0.774974
-0.0209611, 0.063376, 0.00281134, -1.84319, 0.0162228, 1.78613, 0.774974
-0.0209583, 0.0633937, 0.00281388, -1.84319, 0.0162251, 1.78613, 0.774977
-0.0209555, 0.0634078, 0.00281351, -1.8432, 0.0162251, 1.78613, 0.774976
-0.0209555, 0.0634208, 0.00281673, -1.84321, 0.0162261, 1.78613, 0.774978
-0.0209561, 0.0634397, 0.00281446, -1.84321, 0.0162243, 1.78613, 0.774976
-0.0209579, 0.0634609, 0.00281704, -1.84323, 0.0162212, 1.78613, 0.774973
-0.0209577, 0.063479, 0.00281457, -1.84323, 0.0162209, 1.78613, 0.774976
-0.0209551, 0.0634997, 0.00281986, -1.84324, 0.0162247, 1.78613, 0.774974
-0.0209529, 0.0635132, 0.00281458, -1.84324, 0.0162218, 1.78613, 0.774973
-0.0209543, 0.0635326, 0.00281708, -1.84325, 0.0162218, 1.78613, 0.774974
-0.0209474, 0.0635464, 0.00281708, -1.84326, 0.0162233, 1.78613, 0.774976
-0.0209546, 0.063565, 0.00281921, -1.84327, 0.0162218, 1.78613, 0.774972
-0.0209519, 0.063581, 0.00281529, -1.84327, 0.016225, 1.78614, 0.774971
-0.0209544, 0.0635917, 0.00281732, -1.84328, 0.0162219, 1.78613, 0.774973
-0.0209571, 0.0636084, 0.00281466, -1.84329, 0.0162211, 1.78613, 0.774971
-0.0209543, 0.0636215, 0.00281182, -1.8433, 0.0162208, 1.78613, 0.774972
-0.0209543, 0.0636344, 0.00281922, -1.84331, 0.0162214, 1.78613, 0.774974
-0.0209518, 0.0636519, 0.00281464, -1.84332, 0.01622, 1.78613, 0.774977
-0.0209518, 0.0636682, 0.00281237, -1.84333, 0.0162214, 1.78613, 0.77497
-0.0209543, 0.0636865, 0.00281774, -1.84333, 0.0162239, 1.78613, 0.774977
-0.0209491, 0.0636987, 0.00281498, -1.84334, 0.0162249, 1.78613, 0.774976
-0.0209522, 0.0637171, 0.00281777, -1.84334, 0.0162207, 1.78613, 0.774971
-0.0209511, 0.063733, 0.00281248, -1.84335, 0.0162244, 1.78613, 0.774975
-0.0209516, 0.0637539, 0.00281777, -1.84335, 0.0162205, 1.78613, 0.774978
-0.020957, 0.063767, 0.00281777, -1.84336, 0.0162229, 1.78613, 0.774972
-0.0209518, 0.0637837, 0.00281499, -1.84336, 0.0162244, 1.78613, 0.77497
-0.0209543, 0.0638021, 0.00281499, -1.84337, 0.0162207, 1.78613, 0.774976
-0.0209543, 0.0638188, 0.00281499, -1.84337, 0.0162198, 1.78613, 0.774972
-0.0209543, 0.0638372, 0.00281499, -1.84338, 0.0162194, 1.78613, 0.774973
-0.0209599, 0.0638533, 0.00281248, -1.84338, 0.01622, 1.78613, 0.774974
-0.0209571, 0.0638756, 0.00281248, -1.84339, 0.0162187, 1.78613, 0.774974
-0.0209599, 0.0638887, 0.00280998, -1.84339, 0.0162193, 1.78613, 0.774971
-0.0209599, 0.0639083, 0.00281248, -1.8434, 0.0162193, 1.78613, 0.774975
-0.0209673, 0.0639267, 0.00281499, -1.8434, 0.0162193, 1.78613, 0.774968
-0.0209606, 0.0639407, 0.00281777, -1.84341, 0.0162187, 1.78613, 0.774972
-0.0209601, 0.063959, 0.00281248, -1.84341, 0.0162179, 1.78613, 0.774973
-0.0209625, 0.0639758, 0.00280998, -1.84341, 0.0162179, 1.78613, 0.774975
-0.0209599, 0.0639917, 0.00280785, -1.84342, 0.0162179, 1.78613, 0.774967
-0.0209677, 0.0640106, 0.00280927, -1.84341, 0.0162179, 1.78613, 0.774967
-0.0209645, 0.0640276, 0.00281012, -1.84342, 0.0162179, 1.78613, 0.774976
-0.0209705, 0.0640506, 0.00280919, -1.84342, 0.0162179, 1.78613, 0.774974
-0.0209708, 0.0640628, 0.0028048, -1.84343, 0.0162172, 1.78613, 0.774975
-0.0209684, 0.064079, 0.00279898, -1.84343, 0.0162172, 1.78613, 0.774976
-0.0209684, 0.0640979, 0.00280687, -1.84343, 0.0162187, 1.78614, 0.774975
-0.0209709, 0.0641224, 0.00280403, -1.84343, 0.0162179, 1.78613, 0.774972
-0.0209709, 0.064144, 0.0028015, -1.84343, 0.0162172, 1.78613, 0.774975
-0.0209737, 0.0641607, 0.002804, -1.84343, 0.0162159, 1.78613, 0.77497
-0.020973, 0.0641746, 0.002804, -1.84343, 0.0162179, 1.78613, 0.774967
-0.0209712, 0.064199, 0.0027962, -1.84343, 0.0162172, 1.78613, 0.77497
-0.020974, 0.0642129, 0.00279871, -1.84343, 0.0162165, 1.78613, 0.774974
-0.0209741, 0.0642346, 0.00279936, -1.84343, 0.0162172, 1.78613, 0.77497
-0.0209741, 0.0642538, 0.002798, -1.84343, 0.0162165, 1.78613, 0.774967
-0.0209716, 0.0642676, 0.00279597, -1.84343, 0.0162165, 1.78613, 0.774973
-0.0209737, 0.0642875, 0.00279928, -1.84343, 0.0162159, 1.78613, 0.774968
-0.0209822, 0.0643059, 0.00280076, -1.84343, 0.0162165, 1.78613, 0.774971
-0.020975, 0.0643221, 0.00280162, -1.84344, 0.0162165, 1.78613, 0.774973
-0.0209793, 0.0643471, 0.00279857, -1.84342, 0.0162138, 1.78613, 0.774972
-0.0209798, 0.0643607, 0.00279839, -1.84343, 0.0162159, 1.78613, 0.774969
-0.0209793, 0.0643764, 0.00279833, -1.84343, 0.0162138, 1.78613, 0.774972
-0.020978, 0.0643903, 0.00280081, -1.84342, 0.0162159, 1.78613, 0.774968
-0.020975, 0.064404, 0.00279552, -1.84342, 0.0162159, 1.78613, 0.774969
-0.0209774, 0.0644201, 0.0027983, -1.84342, 0.0162145, 1.78613, 0.774974
-0.0209822, 0.0644361, 0.0027983, -1.84342, 0.0162138, 1.78613, 0.77497
-0.020978, 0.0644546, 0.00279551, -1.84342, 0.0162152, 1.78613, 0.774968
-0.0209824, 0.0644681, 0.00279338, -1.84342, 0.0162145, 1.78613, 0.774976
-0.0209809, 0.064484, 0.00279759, -1.84342, 0.0162152, 1.78613, 0.774967
-0.020985, 0.0644972, 0.00279528, -1.84342, 0.0162152, 1.78613, 0.774971
-0.0209855, 0.0645132, 0.00279544, -1.84341, 0.0162138, 1.78614, 0.774974
-0.0209857, 0.0645292, 0.00279549, -1.84341, 0.0162138, 1.78614, 0.774975
-0.0209857, 0.0645452, 0.00279337, -1.84341, 0.0162138, 1.78614, 0.774967
-0.0209854, 0.0645565, 0.0027948, -1.8434, 0.0162132, 1.78614, 0.774971
-0.0209833, 0.0645771, 0.00279528, -1.84341, 0.0162132, 1.78614, 0.774973
-0.0209889, 0.0645879, 0.00279609, -1.8434, 0.0162132, 1.78614, 0.774968
-0.0209864, 0.0646038, 0.00279227, -1.8434, 0.0162106, 1.78614, 0.774973
-0.0209843, 0.0646166, 0.00279314, -1.84341, 0.0162127, 1.78614, 0.774974
-0.020991, 0.0646316, 0.00279009, -1.8434, 0.0162114, 1.78614, 0.774971
-0.0209862, 0.0646402, 0.0027899, -1.8434, 0.0162091, 1.78614, 0.774968
-0.0209864, 0.0646496, 0.00279513, -1.8434, 0.0162081, 1.78614, 0.774977
-0.0209889, 0.0646658, 0.00278982, -1.8434, 0.0162085, 1.78614, 0.77497
-0.0209865, 0.0646781, 0.00279511, -1.8434, 0.0162077, 1.78614, 0.77497
-0.0209865, 0.0646857, 0.00279232, -1.8434, 0.0162062, 1.78614, 0.774972
-0.0209865, 0.0647041, 0.0027951, -1.8434, 0.0162084, 1.78614, 0.774971
-0.020989, 0.0647108, 0.00279761, -1.8434, 0.0162077, 1.78614, 0.774969
-0.0209865, 0.0647237, 0.00278981, -1.8434, 0.0162069, 1.78614, 0.774974
-0.020989, 0.0647307, 0.00279232, -1.8434, 0.0162077, 1.78614, 0.774973
-0.0209865, 0.0647436, 0.00279232, -1.8434, 0.0162077, 1.78614, 0.774972
-0.0209837, 0.064751, 0.00279761, -1.84339, 0.0162069, 1.78614, 0.774975
-0.0209837, 0.0647678, 0.00279232, -1.8434, 0.0162069, 1.78614, 0.774972
-0.0209812, 0.0647756, 0.0027951, -1.8434, 0.0162062, 1.78614, 0.774969
-0.0209784, 0.0647854, 0.00279232, -1.8434, 0.0162077, 1.78614, 0.774976
-0.0209837, 0.0647898, 0.0027951, -1.8434, 0.0162062, 1.78614, 0.774975
-0.0209837, 0.0647994, 0.0027951, -1.8434, 0.0162069, 1.78614, 0.774972
-0.0209812, 0.0648065, 0.00279297, -1.8434, 0.0162069, 1.78614, 0.774973
-0.0209784, 0.0648133, 0.00279439, -1.8434, 0.0162069, 1.78614, 0.774975
-0.0209784, 0.0648261, 0.00279487, -1.8434, 0.0162062, 1.78614, 0.774969
-0.0209833, 0.0648324, 0.00279224, -1.84339, 0.0162062, 1.78614, 0.774969
-0.0209819, 0.0648369, 0.00279758, -1.84339, 0.0162062, 1.78614, 0.774974
-0.0209839, 0.064851, 0.00279509, -1.84339, 0.0162024, 1.78614, 0.774973
-0.0209813, 0.0648557, 0.00279761, -1.84339, 0.016202, 1.78614, 0.774973
-0.0209812, 0.064857, 0.0027951, -1.8434, 0.0162062, 1.78614, 0.774975
-0.0209812, 0.064866, 0.0027951, -1.84339, 0.0162033, 1.78614, 0.77497
-0.0209784, 0.0648724, 0.00279761, -1.84339, 0.0162057, 1.78614, 0.774971
-0.0209812, 0.0648816, 0.0028029, -1.84339, 0.0162065, 1.78614, 0.77497
-0.0209812, 0.0648831, 0.00279761, -1.84339, 0.0162061, 1.78614, 0.774974
-0.0209784, 0.0648867, 0.0027951, -1.84339, 0.0162062, 1.78614, 0.774974
-0.0209837, 0.0648921, 0.00279761, -1.84339, 0.016203, 1.78614, 0.774974
-0.0209759, 0.0648914, 0.00280039, -1.84339, 0.0162027, 1.78614, 0.774969
-0.0209812, 0.0649019, 0.00279761, -1.84339, 0.0162055, 1.78614, 0.774969
-0.0209759, 0.0648951, 0.00279761, -1.84339, 0.0162026, 1.78614, 0.774975
-0.0209784, 0.0649, 0.00279761, -1.84339, 0.0162032, 1.78614, 0.774967
-0.0209784, 0.0649036, 0.00279761, -1.84339, 0.0162016, 1.78614, 0.774973
-0.0209812, 0.0649085, 0.00280039, -1.84339, 0.0162029, 1.78614, 0.774976
-0.0209759, 0.064904, 0.00280039, -1.84339, 0.0162022, 1.78614, 0.774967
-0.0209784, 0.0649071, 0.00280039, -1.84339, 0.0162029, 1.78614, 0.774969
-0.0209759, 0.0649044, 0.00279761, -1.84339, 0.0162029, 1.78614, 0.774974
-0.0209759, 0.0649072, 0.00280039, -1.84339, 0.0162029, 1.78614, 0.774969
-0.0209784, 0.0649097, 0.00280039, -1.84339, 0.0162029, 1.78614, 0.774968
-0.0209784, 0.064904, 0.00279974, -1.84339, 0.0162029, 1.78614, 0.774974
-0.0209784, 0.0649125, 0.0028011, -1.84339, 0.0162021, 1.78614, 0.774973
-0.0209731, 0.0649128, 0.00280276, -1.84339, 0.0162046, 1.78614, 0.774967
-0.0209763, 0.0649104, 0.00280118, -1.84338, 0.0162039, 1.78615, 0.774973
-0.0209752, 0.0649076, 0.0028078, -1.84338, 0.0162025, 1.78614, 0.774974
-0.0209735, 0.0649104, 0.00280119, -1.84338, 0.016203, 1.78615, 0.774971
-0.0209755, 0.064915, 0.00280316, -1.84338, 0.0162029, 1.78614, 0.774973
-0.02097, 0.0649111, 0.00279983, -1.84338, 0.0162029, 1.78615, 0.774971
-0.0209721, 0.0649106, 0.00280364, -1.84338, 0.0162029, 1.78615, 0.774968
-0.0209728, 0.0649052, 0.00280527, -1.84338, 0.0162029, 1.78615, 0.774972
-0.0209709, 0.0649073, 0.00280331, -1.84338, 0.0162036, 1.78615, 0.774977
-0.0209755, 0.0649083, 0.002806, -1.84338, 0.0162029, 1.78615, 0.774973
-0.02097, 0.0649078, 0.00280393, -1.84338, 0.0162036, 1.78614, 0.774975
-0.0209727, 0.0649024, 0.00280537, -1.84338, 0.0162036, 1.78615, 0.774974
-0.0209671, 0.0649023, 0.00280335, -1.84338, 0.0162042, 1.78615, 0.774968
-0.0209752, 0.0649023, 0.00280138, -1.84338, 0.0162068, 1.78615, 0.774973
-0.0209699, 0.0649023, 0.00280786, -1.84338, 0.0162052, 1.78615, 0.774975
-0.0209706, 0.0648998, 0.00280334, -1.84338, 0.0162032, 1.78615, 0.77497
-0.020972, 0.064897, 0.00280601, -1.84338, 0.0162043, 1.78615, 0.774972
-0.0209725, 0.064897, 0.00280857, -1.84338, 0.0162042, 1.78615, 0.774973
-0.020967, 0.0648945, 0.00280859, -1.84338, 0.0162036, 1.78615, 0.774968
-0.0209699, 0.0648945, 0.0028086, -1.84338, 0.0162049, 1.78615, 0.774971
-0.0209758, 0.064892, 0.00280359, -1.84338, 0.0162042, 1.78614, 0.774971
-0.0209671, 0.0648899, 0.00280609, -1.84338, 0.0162042, 1.78615, 0.774971
-0.0209662, 0.0648913, 0.00280572, -1.84338, 0.0162056, 1.78614, 0.774973
-0.0209702, 0.064889, 0.00281144, -1.84338, 0.0162042, 1.78614, 0.774973
-0.0209697, 0.064887, 0.00281446, -1.84338, 0.0162042, 1.78614, 0.774971
-0.0209668, 0.0648811, 0.00280712, -1.84338, 0.0162042, 1.78614, 0.774971
-0.0209667, 0.0648756, 0.00280644, -1.84338, 0.0162049, 1.78614, 0.774975
-0.0209667, 0.0648808, 0.00280871, -1.84339, 0.0162063, 1.78615, 0.774973
-0.0209688, 0.064886, 0.00280826, -1.84339, 0.0162056, 1.78614, 0.774971
-0.0209702, 0.0648835, 0.00280932, -1.84339, 0.0162049, 1.78614, 0.774975
-0.0209697, 0.0648835, 0.00280846, -1.84339, 0.0162056, 1.78614, 0.774971
-0.0209668, 0.0648807, 0.00280901, -1.84339, 0.0162088, 1.78614, 0.774969
-0.0209667, 0.0648786, 0.00280669, -1.84339, 0.0162067, 1.78614, 0.774969
-0.0209639, 0.06488, 0.00280926, -1.84339, 0.0162073, 1.78614, 0.774978
-0.0209667, 0.0648805, 0.00280715, -1.84339, 0.0162064, 1.78614, 0.774973
-0.0209667, 0.0648785, 0.00280858, -1.8434, 0.0162064, 1.78614, 0.77497
-0.0209748, 0.0648779, 0.00280442, -1.84341, 0.0162077, 1.78613, 0.774976
-0.0209639, 0.0648773, 0.00280637, -1.8434, 0.0162084, 1.78613, 0.774969
-0.0209695, 0.0648857, 0.00280368, -1.84341, 0.0162116, 1.78613, 0.774969
-0.0209695, 0.0648859, 0.00280362, -1.84341, 0.0162101, 1.78612, 0.774975
-0.020972, 0.064886, 0.0028061, -1.84342, 0.0162139, 1.78612, 0.774976
-0.0209748, 0.0648888, 0.0027983, -1.84342, 0.0162116, 1.78612, 0.774967
-0.0209773, 0.0648913, 0.00280294, -1.84343, 0.0162147, 1.78611, 0.774974
-0.0209794, 0.0648913, 0.00280151, -1.84343, 0.0162155, 1.78611, 0.774974
-0.0209801, 0.0648913, 0.00279853, -1.84344, 0.0162171, 1.78611, 0.774969
-0.020981, 0.0649019, 0.00279838, -1.84345, 0.0162172, 1.78611, 0.774976
-0.020985, 0.0649019, 0.00279554, -1.84346, 0.0162193, 1.7861, 0.774974
-0.020983, 0.0649044, 0.00279023, -1.84346, 0.0162193, 1.78609, 0.774971
-0.0209857, 0.0649065, 0.00279088, -1.84348, 0.01622, 1.78609, 0.774974
-0.0209907, 0.0649132, 0.00278738, -1.84348, 0.0162207, 1.78608, 0.774969
-0.0209886, 0.0649199, 0.00278715, -1.84349, 0.0162253, 1.78608, 0.774972
-0.0209941, 0.0649285, 0.00278707, -1.8435, 0.0162232, 1.78607, 0.774973
-0.0209917, 0.0649361, 0.00278454, -1.84351, 0.016227, 1.78606, 0.774975
-0.0209992, 0.0649337, 0.00278202, -1.84352, 0.0162292, 1.78605, 0.77497
-0.021002, 0.0649431, 0.0027771, -1.84354, 0.0162308, 1.78604, 0.774969
-0.0210057, 0.0649449, 0.00277639, -1.84355, 0.0162361, 1.78602, 0.774974
-0.0210086, 0.0649501, 0.00277616, -1.84357, 0.0162355, 1.78601, 0.77497
-0.0210108, 0.0649531, 0.00277395, -1.84359, 0.0162368, 1.78599, 0.774972
-0.0210137, 0.0649588, 0.00276792, -1.8436, 0.0162398, 1.78598, 0.774976
-0.0210221, 0.0649616, 0.00276554, -1.84362, 0.0162415, 1.78596, 0.774974
-0.0210274, 0.0649729, 0.00276225, -1.84364, 0.0162431, 1.78594, 0.774969
-0.0210287, 0.0649764, 0.00275985, -1.84366, 0.0162478, 1.78591, 0.774972
-0.0210343, 0.0649827, 0.00275943, -1.84368, 0.016251, 1.78589, 0.77497
-0.0210404, 0.0649965, 0.00275808, -1.8437, 0.0162528, 1.78586, 0.774971
-0.0210492, 0.0650057, 0.00275355, -1.84373, 0.0162581, 1.78584, 0.774975
-0.0210609, 0.0650201, 0.00275575, -1.84376, 0.0162599, 1.78581, 0.77497
-0.0210647, 0.0650276, 0.00275806, -1.84379, 0.0162609, 1.78578, 0.774969
-0.0210705, 0.0650392, 0.00275058, -1.84382, 0.016267, 1.78575, 0.774969
-0.0210797, 0.0650549, 0.00275476, -1.84385, 0.0162695, 1.78571, 0.774967
-0.0210892, 0.0650678, 0.00275031, -1.84388, 0.0162758, 1.78568, 0.774969
-0.0211009, 0.0650803, 0.00275505, -1.84392, 0.0162815, 1.78564, 0.774974
-0.0211111, 0.0650984, 0.00275236, -1.84396, 0.0162851, 1.7856, 0.774971
-0.0211157, 0.0651139, 0.0027548, -1.844, 0.0162916, 1.78556, 0.774962
-0.0211281, 0.0651331, 0.00275543, -1.84404, 0.0162966, 1.78552, 0.77497
-0.0211371, 0.0651436, 0.00274943, -1.84408, 0.0163013, 1.78547, 0.774967
-0.0211502, 0.065165, 0.00275169, -1.84413, 0.0163074, 1.78543, 0.77496
-0.02116, 0.0651869, 0.0027569, -1.84418, 0.0163147, 1.78538, 0.774961
-0.021169, 0.0652029, 0.00275966, -1.84423, 0.0163245, 1.78534, 0.77496
-0.0211821, 0.0652227, 0.00275436, -1.84428, 0.0163314, 1.78529, 0.774954
-0.0211892, 0.0652468, 0.00275436, -1.84433, 0.0163423, 1.78525, 0.774952
-0.0211935, 0.065266, 0.00275686, -1.84438, 0.0163533, 1.7852, 0.77495
-0.0212053, 0.0652936, 0.00275436, -1.84444, 0.016367, 1.78515, 0.774941
-0.0212156, 0.0653137, 0.00275686, -1.8445, 0.0163816, 1.7851, 0.774935
-0.0212282, 0.065342, 0.00275686, -1.84456, 0.0164036, 1.78505, 0.774935
-0.0212351, 0.0653644, 0.00275965, -1.84462, 0.0164246, 1.78499, 0.774927
-0.0212468, 0.0653907, 0.00275965, -1.84469, 0.0164479, 1.78494, 0.774915
-0.0212519, 0.065418, 0.00275223, -1.84476, 0.0164727, 1.78488, 0.774913
-0.0212698, 0.0654472, 0.00275615, -1.84483, 0.0164954, 1.78483, 0.774904
-0.0212788, 0.0654736, 0.00275728, -1.8449, 0.0165215, 1.78477, 0.774891
-0.0212863, 0.0655049, 0.00275607, -1.84497, 0.0165531, 1.78472, 0.774884
-0.0212936, 0.0655312, 0.00275196, -1.84505, 0.0165834, 1.78466, 0.774869
-0.0213086, 0.0655624, 0.00275606, -1.84513, 0.0166188, 1.7846, 0.774854
-0.0213129, 0.0655961, 0.00275196, -1.84522, 0.0166561, 1.78454, 0.774842
-0.0213225, 0.0656281, 0.00275885, -1.84529, 0.0166907, 1.78448, 0.774821
-0.0213346, 0.0656592, 0.00276189, -1.84537, 0.0167336, 1.78442, 0.774796
-0.0213417, 0.0656987, 0.00275956, -1.84546, 0.0167747, 1.78436, 0.774773
-0.0213485, 0.0657255, 0.00275962, -1.84555, 0.0168223, 1.7843, 0.774749
-0.0213581, 0.0657646, 0.00275685, -1.84565, 0.0168756, 1.78424, 0.774717
-0.021373, 0.0658047, 0.00275686, -1.84574, 0.0169283, 1.78418, 0.774687
-0.0213779, 0.0658446, 0.00276215, -1.84584, 0.016986, 1.78413, 0.774656
-0.0213868, 0.0658879, 0.00275686, -1.84594, 0.0170464, 1.78407, 0.77461
-0.0213961, 0.0659265, 0.00275686, -1.84603, 0.0171089, 1.78402, 0.774572
-0.021406, 0.0659662, 0.00276215, -1.84613, 0.0171746, 1.78396, 0.774531
-0.0214096, 0.0660146, 0.00276215, -1.84623, 0.0172462, 1.78391, 0.774483
-0.0214196, 0.0660566, 0.00276215, -1.84634, 0.017318, 1.78385, 0.774425
-0.0214182, 0.0661051, 0.00276466, -1.84644, 0.0173968, 1.78379, 0.774372
-0.0214299, 0.0661552, 0.00276744, -1.84656, 0.0174771, 1.78374, 0.774306
-0.021436, 0.0662044, 0.00276215, -1.84668, 0.0175607, 1.78368, 0.774236
-0.0214378, 0.066266, 0.00276466, -1.84679, 0.0176476, 1.78363, 0.774165
-0.0214497, 0.0663141, 0.00276466, -1.84691, 0.0177351, 1.78357, 0.774086
-0.0214513, 0.066374, 0.00276995, -1.84703, 0.0178252, 1.78352, 0.774005
-0.0214598, 0.0664335, 0.00276744, -1.84715, 0.0179235, 1.78347, 0.773925
-0.0214585, 0.0664963, 0.00276744, -1.84728, 0.0180249, 1.78341, 0.773839
-0.0214592, 0.0665618, 0.00276744, -1.8474, 0.0181305, 1.78336, 0.773753
-0.0214625, 0.0666247, 0.00276995, -1.84754, 0.0182373, 1.78331, 0.773669
-0.0214636, 0.0666994, 0.00277486, -1.84767, 0.0183446, 1.78326, 0.773575
-0.021464, 0.0667657, 0.00277344, -1.8478, 0.0184552, 1.78321, 0.773472
-0.0214669, 0.0668408, 0.00277232, -1.84793, 0.0185713, 1.78316, 0.77337
-0.0214669, 0.0669131, 0.00277565, -1.84808, 0.0186931, 1.78311, 0.773269
-0.0214595, 0.0669962, 0.00277834, -1.84821, 0.0188157, 1.78307, 0.773153
-0.0214641, 0.0670745, 0.0027784, -1.84836, 0.0189383, 1.78302, 0.773035
-0.0214611, 0.0671588, 0.00278121, -1.8485, 0.0190649, 1.78298, 0.772913
-0.0214585, 0.0672414, 0.00278585, -1.84865, 0.019193, 1.78294, 0.772781
-0.0214585, 0.0673268, 0.00278406, -1.8488, 0.01933, 1.7829, 0.772649
-0.0214588, 0.067412, 0.00278429, -1.84895, 0.0194639, 1.78286, 0.772528
-0.0214556, 0.0675049, 0.00278938, -1.84911, 0.0196029, 1.78282, 0.772394
-0.0214554, 0.067594, 0.00278904, -1.84927, 0.0197531, 1.78279, 0.772255
-0.0214504, 0.0676892, 0.00279226, -1.84942, 0.0199015, 1.78275, 0.772118
-0.0214496, 0.0677839, 0.00278999, -1.84959, 0.0200604, 1.78271, 0.771973
-0.0214441, 0.0678766, 0.00279749, -1.84975, 0.0202206, 1.78268, 0.771811
-0.0214444, 0.0679815, 0.00279823, -1.84992, 0.0203863, 1.78264, 0.771643
-0.0214412, 0.0680809, 0.00280377, -1.85009, 0.0205643, 1.78261, 0.771479
-0.0214335, 0.068181, 0.00280598, -1.85025, 0.0207379, 1.78258, 0.771308
-0.0214306, 0.0682869, 0.00280672, -1.85042, 0.0209152, 1.78255, 0.771143
-0.02143, 0.0683977, 0.00280909, -1.85061, 0.0210991, 1.78252, 0.770967
-0.0214264, 0.0684979, 0.00281239, -1.85078, 0.0212825, 1.78249, 0.770785
-0.021424, 0.068613, 0.00281015, -1.85096, 0.0214684, 1.78247, 0.770592
-0.0214182, 0.0687216, 0.00282016, -1.85115, 0.0216557, 1.78244, 0.770392
-0.0214105, 0.0688406, 0.00281774, -1.85133, 0.0218487, 1.78242, 0.770196
-0.0214112, 0.0689578, 0.00282148, -1.85152, 0.0220439, 1.7824, 0.769994
-0.021406, 0.0690744, 0.00282681, -1.8517, 0.0222395, 1.78237, 0.769799
-0.0213977, 0.0692029, 0.00282404, -1.85189, 0.0224456, 1.78236, 0.769597
